"Report Date/Time: 03/28/2016 08:52 AM","","","","","STATE OF ARIZONA REGISTRATION REPORT","","","","","","Page Number 1"
"","","","","","2016 March Voter Registration - March 1, 2016","","","","","",""
"","","","","","Compiled and Issued by the Arizona Secretary of State","","","","","",""
"","","","","","ACTIVE","","","","","",""
"","","Precincts","Date/Period","Americans ","","Democratic","Green","Libertarian","Republican","Other","TOTAL"
"","Apache","45","OCT 2015","5","","26,747","34","147","7,544","13,058","47,535"
"","","45","JAN 2016","*","","26,780","34","143","7,659","13,203","47,819"
"","","45","MAR 2016","*","","26,784","34","144","7,893","13,227","48,082"
"","Cochise","49","OCT 2015","13","","18,796","112","438","25,796","25,289","70,444"
"","","49","JAN 2016","*","","18,944","106","421","26,198","25,594","71,263"
"","","49","MAR 2016","*","","19,289","102","411","26,795","25,365","71,962"
"","Coconino","71","OCT 2015","6","","25,912","207","777","17,544","25,423","69,869"
"","","71","JAN 2016","*","","26,112","205","756","17,618","25,232","69,923"
"","","71","MAR 2016","*","","27,365","188","709","17,832","23,029","69,123"
"","Gila","39","OCT 2015","2","","9,237","22","167","10,870","8,467","28,765"
"","","39","JAN 2016","*","","9,267","21","168","11,041","8,582","29,079"
"","","39","MAR 2016","*","","9,136","23","167","11,344","8,156","28,826"
"","Graham","22","OCT 2015","2","","5,624","7","61","7,446","4,646","17,786"
"","","22","JAN 2016","*","","5,587","7","60","7,458","4,645","17,757"
"","","22","MAR 2016","*","","5,587","7","62","7,486","4,643","17,785"
"","Greenlee","8","OCT 2015","0","","2,087","2","25","1,128","1,273","4,515"
"","","8","JAN 2016","*","","2,067","0","24","1,169","1,311","4,571"
"","","8","MAR 2016","*","","2,001","0","25","1,130","1,193","4,349"
"","La Paz","11","OCT 2015","1","","2,157","10","38","3,241","3,550","8,997"
"","","11","JAN 2016","*","","2,180","10","37","3,326","3,633","9,186"
"","","11","MAR 2016","*","","2,216","10","34","3,386","3,676","9,322"
"","Maricopa","724","OCT 2015","348","","520,859","2,229","17,901","702,116","759,935","2,003,388"
"","","724","JAN 2016","*","","507,826","2,154","16,817","691,241","740,530","1,958,568"
"","","724","MAR 2016","*","","532,946","2,109","16,626","708,941","733,577","1,994,199"
"","Mohave","24","OCT 2015","17","","20,313","101","646","43,898","45,040","110,015"
"","","24","JAN 2016","*","","20,376","98","640","44,896","45,826","111,836"
"","","24","MAR 2016","*","","20,180","96","628","45,358","44,475","110,737"
"","Navajo","61","OCT 2015","7","","23,260","47","383","18,060","17,239","58,996"
"","","14","JAN 2016","*","","23,335","44","376","18,353","17,471","59,579"
"","","14","MAR 2016","*","","23,315","41","368","18,875","17,307","59,906"
"","Pima","248","OCT 2015","70","","175,086","1,554","3,839","147,331","164,914","492,794"
"","","248","JAN 2016","*","","172,246","1,523","3,684","144,750","162,370","484,573"
"","","248","MAR 2016","*","","179,043","1,351","3,547","148,215","159,929","492,085"
"","Pinal","102","OCT 2015","11","","43,221","148","1,132","53,024","67,429","164,965"
"","","101","JAN 2016","*","","43,451","147","1,143","53,791","68,928","167,460"
"","","101","MAR 2016","*","","43,551","147","1,106","54,416","66,445","165,665"
"","Santa Cruz","24","OCT 2015","0","","11,580","34","129","3,743","8,189","23,675"
"","","24","JAN 2016","*","","11,660","36","131","3,796","8,381","24,004"
"","","24","MAR 2016","*","","11,784","34","128","3,890","8,320","24,156"
"","Yavapai","45","OCT 2015","10","","24,283","220","957","53,412","45,561","124,443"
"","","44","JAN 2016","*","","24,512","217","959","54,152","45,896","125,736"
"","","44","MAR 2016","*","","25,965","214","928","55,878","44,509","127,494"
"","Yuma","44","OCT 2015","8","","23,560","28","459","20,343","29,321","73,719"
"","","42","JAN 2016","*","","23,068","26","448","20,073","29,428","73,043"
"","","42","MAR 2016","*","","23,365","26","450","20,399","29,949","74,189"
"","TOTALS:","1,517","OCT 2015","500","","932,722","4,755","27,099","1,115,496","1,219,334","3,299,906"
"","","1,466","JAN 2016","*","","917,411","4,628","25,807","1,105,521","1,201,030","3,254,397"
"","","1,466","MAR 2016","*","","952,527","4,382","25,333","1,131,838","1,183,800","3,297,880"
"","PERCENTAGES:","","OCT 2015","0.02","","28.27","0.14","0.82","33.80","36.95",""
"","","","JAN 2016","*","","28.19","0.14","0.79","33.97","36.90",""
"","","","MAR 2016","*","","28.88","0.13","0.77","34.32","35.90",""
"","* - Party was not a recognized party during this cycle","","","","","","","","","",""
"Report Date/Time: 03/28/2016 08:52 AM","","","","","","STATE OF ARIZONA REGISTRATION REPORT","","","","","Page Number 2"
"","","","","","","2016 March Voter Registration - March 1, 2016","","","","",""
"","","","","","","Compiled and Issued by the Arizona Secretary of State","","","","",""
"","","","","","","ACTIVE","","","","",""
"","Congressional","","","Precincts","Democratic","","Green","Libertarian","Republican","Other","TOTAL"
"","","Congressional District 1","","","","","","","","",""
"","","","Apache","45","26,784","","34","144","7,893","13,227","48,082"
"","","","Coconino","71","27,365","","188","709","17,832","23,029","69,123"
"","","","Gila","22","6,094","","9","52","2,615","3,583","12,353"
"","","","Graham","22","5,587","","7","62","7,486","4,643","17,785"
"","","","Greenlee","8","2,001","","0","25","1,130","1,193","4,349"
"","","","Maricopa","3","453","","0","8","64","458","983"
"","","","Mohave","2","270","","0","2","121","364","757"
"","","","Navajo","14","23,315","","41","368","18,875","17,307","59,906"
"","","","Pima","26","15,484","","61","338","25,221","18,942","60,046"
"","","","Pinal","59","27,825","","79","539","27,139","34,762","90,344"
"","","","Yavapai","7","4,768","","40","141","6,130","7,122","18,201"
"","","","TOTALS","279","139,946","","459","2,388","114,506","124,630","381,929"
"","","Congressional District 2","","","","","","","","",""
"","","","Cochise","49","19,289","","102","411","26,795","25,365","71,962"
"","","","Pima","145","105,820","","863","2,264","100,592","98,216","307,755"
"","","","TOTALS","194","125,109","","965","2,675","127,387","123,581","379,717"
"","","Congressional District 3","","","","","","","","",""
"","","","Maricopa","46","31,236","","72","798","24,245","42,033","98,384"
"","","","Pima","77","57,739","","427","945","22,402","42,771","124,284"
"","","","Pinal","1","130","","0","0","10","58","198"
"","","","Santa Cruz","24","11,784","","34","128","3,890","8,320","24,156"
"","","","Yuma","27","17,565","","19","269","9,329","19,082","46,264"
"","","","TOTALS","175","118,454","","552","2,140","59,876","112,264","293,286"
"","","Congressional District 4","","","","","","","","",""
"","","","Gila","17","3,042","","14","115","8,729","4,573","16,473"
"","","","La Paz","11","2,216","","10","34","3,386","3,676","9,322"
"","","","Maricopa","18","4,457","","18","169","10,769","8,672","24,085"
"","","","Mohave","22","19,910","","96","626","45,237","44,111","109,980"
"","","","Pinal","41","15,596","","68","567","27,267","31,625","75,123"
"","","","Yavapai","37","21,197","","174","787","49,748","37,387","109,293"
"","","","Yuma","15","5,800","","7","181","11,070","10,867","27,925"
"","","","TOTALS","161","72,218","","387","2,479","156,206","140,911","372,201"
"","","Congressional District 5","","","","","","","","",""
"","","","Maricopa","113","85,545","","333","3,293","181,056","146,396","416,623"
"","","","TOTALS","113","85,545","","333","3,293","181,056","146,396","416,623"
"","","Congressional District 6","","","","","","","","",""
"","","","Maricopa","156","98,616","","433","3,457","170,923","152,932","426,361"
"","","","TOTALS","156","98,616","","433","3,457","170,923","152,932","426,361"
"","","Congressional District 7","","","","","","","","",""
"","","","Maricopa","105","103,911","","303","2,431","38,676","102,879","248,200"
"","","","TOTALS","105","103,911","","303","2,431","38,676","102,879","248,200"
"","","Congressional District 8","","","","","","","","",""
"","","","Maricopa","142","96,749","","337","2,877","167,508","148,825","416,296"
"","","","TOTALS","142","96,749","","337","2,877","167,508","148,825","416,296"
"","","Congressional District 9","","","","","","","","",""
"","","","Maricopa","141","111,979","","613","3,593","115,700","131,382","363,267"
"","","","TOTALS","141","111,979","","613","3,593","115,700","131,382","363,267"
"","","","STATE TOTALS","1,466","952,527","","4,382","25,333","1,131,838","1,183,800","3,297,880"
"Report Date/Time: 03/28/2016 08:52 AM","","","","","","STATE OF ARIZONA REGISTRATION REPORT","","","","","Page Number 3"
"","","","","","","2016 March Voter Registration - March 1, 2016","","","","",""
"","","","","","","Compiled and Issued by the Arizona Secretary of State","","","","",""
"","","","","","","ACTIVE","","","","",""
"","Legislative","","","Precincts","Democratic","","Green","Libertarian","Republican","Other","TOTAL"
"","","Legislative District 1","","","","","","","","",""
"","","","Maricopa","14","7,172","","32","345","19,639","14,741","41,929"
"","","","Yavapai","34","16,991","","149","689","43,363","30,931","92,123"
"","","","TOTALS","48","24,163","","181","1,034","63,002","45,672","134,052"
"","","Legislative District 2","","","","","","","","",""
"","","","Pima","33","23,748","","109","414","17,522","24,114","65,907"
"","","","Santa Cruz","24","11,784","","34","128","3,890","8,320","24,156"
"","","","TOTALS","57","35,532","","143","542","21,412","32,434","90,063"
"","","Legislative District 3","","","","","","","","",""
"","","","Pima","41","40,252","","411","659","14,205","27,729","83,256"
"","","","TOTALS","41","40,252","","411","659","14,205","27,729","83,256"
"","","Legislative District 4","","","","","","","","",""
"","","","Maricopa","18","7,219","","36","203","8,701","11,049","27,208"
"","","","Pima","17","6,553","","26","66","2,126","4,709","13,480"
"","","","Pinal","1","130","","0","0","10","58","198"
"","","","Yuma","21","15,679","","12","223","7,171","16,394","39,479"
"","","","TOTALS","57","29,581","","74","492","18,008","32,210","80,365"
"","","Legislative District 5","","","","","","","","",""
"","","","La Paz","11","2,216","","10","34","3,386","3,676","9,322"
"","","","Mohave","22","19,910","","96","626","45,237","44,111","109,980"
"","","","TOTALS","33","22,126","","106","660","48,623","47,787","119,302"
"","","Legislative District 6","","","","","","","","",""
"","","","Coconino","45","16,868","","160","521","13,747","16,450","47,746"
"","","","Gila","18","3,084","","14","116","8,820","4,617","16,651"
"","","","Navajo","5","2,980","","10","89","8,216","3,916","15,211"
"","","","Yavapai","10","8,974","","65","239","12,515","13,578","35,371"
"","","","TOTALS","78","31,906","","249","965","43,298","38,561","114,979"
"","","Legislative District 7","","","","","","","","",""
"","","","Apache","45","26,784","","34","144","7,893","13,227","48,082"
"","","","Coconino","26","10,497","","28","188","4,085","6,579","21,377"
"","","","Gila","3","2,051","","0","12","209","1,111","3,383"
"","","","Graham","2","1,439","","0","3","193","740","2,375"
"","","","Mohave","2","270","","0","2","121","364","757"
"","","","Navajo","9","20,335","","31","279","10,659","13,391","44,695"
"","","","Pinal","0","0","","0","0","0","0","0"
"","","","TOTALS","87","61,376","","93","628","23,160","35,412","120,669"
"","","Legislative District 8","","","","","","","","",""
"","","","Gila","18","4,001","","9","39","2,315","2,428","8,792"
"","","","Pinal","51","22,720","","67","451","21,807","28,167","73,212"
"","","","TOTALS","69","26,721","","76","490","24,122","30,595","82,004"
"","","Legislative District 9","","","","","","","","",""
"","","","Pima","57","42,117","","343","877","35,747","35,413","114,497"
"","","","TOTALS","57","42,117","","343","877","35,747","35,413","114,497"
"","","Legislative District 10","","","","","","","","",""
"","","","Pima","49","40,859","","336","850","36,481","35,654","114,180"
"","","","TOTALS","49","40,859","","336","850","36,481","35,654","114,180"
"","","Legislative District 11","","","","","","","","",""
"","","","Pima","34","19,342","","91","463","30,473","23,224","73,593"
"","","","Pinal","27","12,033","","41","368","16,365","19,873","48,680"
"","","","TOTALS","61","31,375","","132","831","46,838","43,097","122,273"
"","","Legislative District 12","","","","","","","","",""
"","","","Maricopa","34","24,907","","97","1,092","60,787","44,514","131,397"
"","","","Pinal","1","228","","1","11","532","488","1,260"
"","","","TOTALS","35","25,135","","98","1,103","61,319","45,002","132,657"
"Report Date/Time: 03/28/2016 08:52 AM","","","","","","STATE OF ARIZONA REGISTRATION REPORT","","","","","Page Number 4"
"","","","","","","2016 March Voter Registration - March 1, 2016","","","","",""
"","","","","","","Compiled and Issued by the Arizona Secretary of State","","","","",""
"","","","","","","ACTIVE","","","","",""
"","Legislative","","","Precincts","Democratic","","Green","Libertarian","Republican","Other","TOTAL"
"","","Legislative District 13","","","","","","","","",""
"","","","Maricopa","29","15,713","","58","523","28,674","27,094","72,062"
"","","","Yavapai","0","0","","0","0","0","0","0"
"","","","Yuma","21","7,686","","14","227","13,228","13,555","34,710"
"","","","TOTALS","50","23,399","","72","750","41,902","40,649","106,772"
"","","Legislative District 14","","","","","","","","",""
"","","","Cochise","49","19,289","","102","411","26,795","25,365","71,962"
"","","","Graham","20","4,148","","7","59","7,293","3,903","15,410"
"","","","Greenlee","8","2,001","","0","25","1,130","1,193","4,349"
"","","","Pima","17","6,172","","35","218","11,661","9,086","27,172"
"","","","TOTALS","94","31,610","","144","713","46,879","39,547","118,893"
"","","Legislative District 15","","","","","","","","",""
"","","","Maricopa","42","28,503","","117","1,083","54,604","46,203","130,510"
"","","","TOTALS","42","28,503","","117","1,083","54,604","46,203","130,510"
"","","Legislative District 16","","","","","","","","",""
"","","","Maricopa","19","15,543","","70","567","29,566","29,215","74,961"
"","","","Pinal","21","8,440","","38","276","15,702","17,859","42,315"
"","","","TOTALS","40","23,983","","108","843","45,268","47,074","117,276"
"","","Legislative District 17","","","","","","","","",""
"","","","Maricopa","39","30,473","","95","991","46,918","45,548","124,025"
"","","","TOTALS","39","30,473","","95","991","46,918","45,548","124,025"
"","","Legislative District 18","","","","","","","","",""
"","","","Maricopa","42","38,054","","188","1,142","46,882","44,619","130,885"
"","","","TOTALS","42","38,054","","188","1,142","46,882","44,619","130,885"
"","","Legislative District 19","","","","","","","","",""
"","","","Maricopa","28","29,574","","49","695","13,345","34,801","78,464"
"","","","TOTALS","28","29,574","","49","695","13,345","34,801","78,464"
"","","Legislative District 20","","","","","","","","",""
"","","","Maricopa","47","31,114","","156","1,070","41,130","42,460","115,930"
"","","","TOTALS","47","31,114","","156","1,070","41,130","42,460","115,930"
"","","Legislative District 21","","","","","","","","",""
"","","","Maricopa","42","31,428","","94","774","43,384","44,502","120,182"
"","","","TOTALS","42","31,428","","94","774","43,384","44,502","120,182"
"","","Legislative District 22","","","","","","","","",""
"","","","Maricopa","48","28,824","","80","815","62,312","48,196","140,227"
"","","","TOTALS","48","28,824","","80","815","62,312","48,196","140,227"
"","","Legislative District 23","","","","","","","","",""
"","","","Maricopa","57","31,100","","109","1,015","67,573","53,456","153,253"
"","","","TOTALS","57","31,100","","109","1,015","67,573","53,456","153,253"
"","","Legislative District 24","","","","","","","","",""
"","","","Maricopa","40","36,195","","218","1,041","21,028","35,280","93,762"
"","","","TOTALS","40","36,195","","218","1,041","21,028","35,280","93,762"
"","","Legislative District 25","","","","","","","","",""
"","","","Maricopa","37","26,279","","133","1,067","56,683","43,418","127,580"
"","","","TOTALS","37","26,279","","133","1,067","56,683","43,418","127,580"
"","","Legislative District 26","","","","","","","","",""
"","","","Maricopa","34","27,621","","203","971","19,926","34,883","83,604"
"","","","TOTALS","34","27,621","","203","971","19,926","34,883","83,604"
"","","Legislative District 27","","","","","","","","",""
"","","","Maricopa","35","36,328","","85","615","10,845","33,391","81,264"
"","","","TOTALS","35","36,328","","85","615","10,845","33,391","81,264"
"","","Legislative District 28","","","","","","","","",""
"","","","Maricopa","57","35,263","","155","1,110","48,417","40,793","125,738"
"","","","TOTALS","57","35,263","","155","1,110","48,417","40,793","125,738"
"Report Date/Time: 03/28/2016 08:52 AM","","","","","","STATE OF ARIZONA REGISTRATION REPORT","","","","","Page Number 5"
"","","","","","","2016 March Voter Registration - March 1, 2016","","","","",""
"","","","","","","Compiled and Issued by the Arizona Secretary of State","","","","",""
"","","","","","","ACTIVE","","","","",""
"","Legislative","","","Precincts","Democratic","","Green","Libertarian","Republican","Other","TOTAL"
"","","Legislative District 29","","","","","","","","",""
"","","","Maricopa","33","26,284","","50","776","13,640","30,352","71,102"
"","","","TOTALS","33","26,284","","50","776","13,640","30,352","71,102"
"","","Legislative District 30","","","","","","","","",""
"","","","Maricopa","29","25,352","","84","731","14,887","29,062","70,116"
"","","","TOTALS","29","25,352","","84","731","14,887","29,062","70,116"
"","","","STATE TOTALS","1,466","952,527","","4,382","25,333","1,131,838","1,183,800","3,297,880"
"Report Date/Time: 03/28/2016 08:52 AM","","","","","STATE OF ARIZONA REGISTRATION REPORT","","","","","","Page Number 6"
"","","","","","2016 March Voter Registration - March 1, 2016","","","","","",""
"","","","","","Compiled and Issued by the Arizona Secretary of State","","","","","",""
"","","","","","INACTIVE","","","","","",""
"","","Precincts","Date/Period","Americans ","","Democratic","Green","Libertarian","Republican","Other","TOTAL"
"","Apache","45","OCT 2015","0","","1,527","8","14","579","948","3,076"
"","","45","JAN 2016","*","","1,521","8","15","590","961","3,095"
"","","45","MAR 2016","*","","1,504","8","15","576","938","3,041"
"","Cochise","49","OCT 2015","1","","2,128","26","77","2,674","4,001","8,907"
"","","49","JAN 2016","*","","2,037","25","73","2,570","3,849","8,554"
"","","49","MAR 2016","*","","2,000","25","72","2,516","3,796","8,409"
"","Coconino","71","OCT 2015","1","","3,508","83","202","2,393","6,554","12,741"
"","","71","JAN 2016","*","","3,689","77","220","2,510","7,050","13,546"
"","","71","MAR 2016","*","","4,147","76","230","2,927","7,898","15,278"
"","Gila","39","OCT 2015","1","","1,519","7","42","1,789","2,080","5,438"
"","","39","JAN 2016","*","","1,484","7","42","1,758","2,042","5,333"
"","","39","MAR 2016","*","","1,527","7","43","1,775","2,183","5,535"
"","Graham","22","OCT 2015","0","","598","3","18","913","761","2,293"
"","","22","JAN 2016","*","","615","4","17","946","799","2,381"
"","","22","MAR 2016","*","","623","3","16","980","774","2,396"
"","Greenlee","8","OCT 2015","0","","98","0","2","58","91","249"
"","","8","JAN 2016","*","","96","0","2","55","91","244"
"","","8","MAR 2016","*","","149","0","2","122","189","462"
"","La Paz","11","OCT 2015","0","","538","8","13","552","836","1,947"
"","","11","JAN 2016","*","","528","8","12","543","823","1,914"
"","","11","MAR 2016","*","","518","8","12","531","812","1,881"
"","Maricopa","724","OCT 2015","32","","63,354","701","2,849","59,482","103,870","230,288"
"","","724","JAN 2016","*","","83,251","774","3,842","78,589","137,658","304,114"
"","","724","MAR 2016","*","","78,522","724","3,587","74,032","131,214","288,079"
"","Mohave","24","OCT 2015","1","","4,603","25","130","6,046","9,857","20,662"
"","","24","JAN 2016","*","","4,609","25","126","6,058","9,912","20,730"
"","","24","MAR 2016","*","","4,939","28","132","6,709","10,773","22,581"
"","Navajo","61","OCT 2015","0","","2,981","12","70","2,625","2,960","8,648"
"","","14","JAN 2016","*","","2,981","12","70","2,607","2,944","8,614"
"","","14","MAR 2016","*","","2,271","11","54","1,916","2,236","6,488"
"","Pima","248","OCT 2015","16","","23,420","359","792","17,769","29,846","72,202"
"","","248","JAN 2016","*","","27,073","398","929","20,939","34,959","84,298"
"","","248","MAR 2016","*","","26,802","395","899","20,654","35,094","83,844"
"","Pinal","102","OCT 2015","4","","11,338","66","284","9,634","17,978","39,304"
"","","101","JAN 2016","*","","11,258","62","282","9,490","17,807","38,899"
"","","101","MAR 2016","*","","11,857","65","312","10,307","19,509","42,050"
"","Santa Cruz","24","OCT 2015","0","","1,322","4","18","457","1,304","3,105"
"","","24","JAN 2016","*","","1,300","4","17","453","1,281","3,055"
"","","24","MAR 2016","*","","1,279","4","17","449","1,244","2,993"
"","Yavapai","45","OCT 2015","4","","3,254","60","217","5,318","8,397","17,250"
"","","44","JAN 2016","*","","3,361","62","209","5,531","8,721","17,884"
"","","44","MAR 2016","*","","3,392","62","197","5,698","8,604","17,953"
"","Yuma","44","OCT 2015","1","","6,016","19","199","5,793","10,277","22,305"
"","","42","JAN 2016","*","","6,369","20","203","6,123","11,082","23,797"
"","","42","MAR 2016","*","","6,245","17","198","6,032","10,897","23,389"
"","TOTALS:","1,517","OCT 2015","61","","126,204","1,381","4,927","116,082","199,760","448,415"
"","","1,466","JAN 2016","*","","150,172","1,486","6,059","138,762","239,979","536,458"
"","","1,466","MAR 2016","*","","145,775","1,433","5,786","135,224","236,161","524,379"
"","PERCENTAGES:","","OCT 2015","0.01","","28.14","0.31","1.10","25.89","44.55",""
"","","","JAN 2016","*","","27.99","0.28","1.13","25.87","44.73",""
"","","","MAR 2016","*","","27.80","0.27","1.10","25.79","45.04",""
"","* - Party was not a recognized party during this cycle","","","","","","","","","",""
"Report Date/Time: 03/28/2016 08:52 AM","","","","","","STATE OF ARIZONA REGISTRATION REPORT","","","","","Page Number 7"
"","","","","","","2016 March Voter Registration - March 1, 2016","","","","",""
"","","","","","","Compiled and Issued by the Arizona Secretary of State","","","","",""
"","","","","","","INACTIVE","","","","",""
"","Congressional","","","Precincts","Democratic","","Green","Libertarian","Republican","Other","TOTAL"
"","","Congressional District 1","","","","","","","","",""
"","","","Apache","45","1,504","","8","15","576","938","3,041"
"","","","Coconino","71","4,147","","76","230","2,927","7,898","15,278"
"","","","Gila","22","875","","2","15","465","872","2,229"
"","","","Graham","22","623","","3","16","980","774","2,396"
"","","","Greenlee","8","149","","0","2","122","189","462"
"","","","Maricopa","3","68","","0","0","9","56","133"
"","","","Mohave","2","20","","0","0","9","22","51"
"","","","Navajo","14","2,271","","11","54","1,916","2,236","6,488"
"","","","Pima","26","2,029","","18","88","3,010","3,337","8,482"
"","","","Pinal","59","6,967","","31","142","4,516","9,346","21,002"
"","","","Yavapai","7","583","","15","31","590","1,291","2,510"
"","","","TOTALS","279","19,236","","164","593","15,120","26,959","62,072"
"","","Congressional District 2","","","","","","","","",""
"","","","Cochise","49","2,000","","25","72","2,516","3,796","8,409"
"","","","Pima","145","16,393","","260","610","14,005","22,736","54,004"
"","","","TOTALS","194","18,393","","285","682","16,521","26,532","62,413"
"","","Congressional District 3","","","","","","","","",""
"","","","Maricopa","46","4,635","","22","147","2,985","7,168","14,957"
"","","","Pima","77","8,380","","117","201","3,639","9,021","21,358"
"","","","Pinal","1","28","","0","0","2","17","47"
"","","","Santa Cruz","24","1,279","","4","17","449","1,244","2,993"
"","","","Yuma","27","4,168","","11","123","2,781","6,529","13,612"
"","","","TOTALS","175","18,490","","154","488","9,856","23,979","52,967"
"","","Congressional District 4","","","","","","","","",""
"","","","Gila","17","652","","5","28","1,310","1,311","3,306"
"","","","La Paz","11","518","","8","12","531","812","1,881"
"","","","Maricopa","18","482","","8","15","995","1,121","2,621"
"","","","Mohave","22","4,919","","28","132","6,700","10,751","22,530"
"","","","Pinal","41","4,862","","34","170","5,789","10,146","21,001"
"","","","Yavapai","37","2,809","","47","166","5,108","7,313","15,443"
"","","","Yuma","15","2,077","","6","75","3,251","4,368","9,777"
"","","","TOTALS","161","16,319","","136","598","23,684","35,822","76,559"
"","","Congressional District 5","","","","","","","","",""
"","","","Maricopa","113","12,418","","120","583","19,536","26,120","58,777"
"","","","TOTALS","113","12,418","","120","583","19,536","26,120","58,777"
"","","Congressional District 6","","","","","","","","",""
"","","","Maricopa","156","10,895","","130","597","14,347","20,721","46,690"
"","","","TOTALS","156","10,895","","130","597","14,347","20,721","46,690"
"","","Congressional District 7","","","","","","","","",""
"","","","Maricopa","105","17,419","","91","593","5,644","20,359","44,106"
"","","","TOTALS","105","17,419","","91","593","5,644","20,359","44,106"
"","","Congressional District 8","","","","","","","","",""
"","","","Maricopa","142","11,785","","88","487","14,630","20,336","47,326"
"","","","TOTALS","142","11,785","","88","487","14,630","20,336","47,326"
"","","Congressional District 9","","","","","","","","",""
"","","","Maricopa","141","20,820","","265","1,165","15,886","35,333","73,469"
"","","","TOTALS","141","20,820","","265","1,165","15,886","35,333","73,469"
"","","","STATE TOTALS","1,466","145,775","","1,433","5,786","135,224","236,161","524,379"
"Report Date/Time: 03/28/2016 08:52 AM","","","","","","STATE OF ARIZONA REGISTRATION REPORT","","","","","Page Number 8"
"","","","","","","2016 March Voter Registration - March 1, 2016","","","","",""
"","","","","","","Compiled and Issued by the Arizona Secretary of State","","","","",""
"","","","","","","INACTIVE","","","","",""
"","Legislative","","","Precincts","Democratic","","Green","Libertarian","Republican","Other","TOTAL"
"","","Legislative District 1","","","","","","","","",""
"","","","Maricopa","14","824","","14","47","1,671","1,835","4,391"
"","","","Yavapai","34","2,194","","38","143","4,357","5,812","12,544"
"","","","TOTALS","48","3,018","","52","190","6,028","7,647","16,935"
"","","Legislative District 2","","","","","","","","",""
"","","","Pima","33","3,580","","25","93","2,563","4,617","10,878"
"","","","Santa Cruz","24","1,279","","4","17","449","1,244","2,993"
"","","","TOTALS","57","4,859","","29","110","3,012","5,861","13,871"
"","","Legislative District 3","","","","","","","","",""
"","","","Pima","41","6,124","","126","170","2,585","6,494","15,499"
"","","","TOTALS","41","6,124","","126","170","2,585","6,494","15,499"
"","","Legislative District 4","","","","","","","","",""
"","","","Maricopa","18","1,077","","5","40","1,129","2,193","4,444"
"","","","Pima","17","853","","5","11","353","910","2,132"
"","","","Pinal","1","28","","0","0","2","17","47"
"","","","Yuma","21","3,618","","8","98","2,143","5,414","11,281"
"","","","TOTALS","57","5,576","","18","149","3,627","8,534","17,904"
"","","Legislative District 5","","","","","","","","",""
"","","","La Paz","11","518","","8","12","531","812","1,881"
"","","","Mohave","22","4,919","","28","132","6,700","10,751","22,530"
"","","","TOTALS","33","5,437","","36","144","7,231","11,563","24,411"
"","","Legislative District 6","","","","","","","","",""
"","","","Coconino","45","3,070","","72","198","2,472","6,825","12,637"
"","","","Gila","18","664","","5","29","1,322","1,325","3,345"
"","","","Navajo","5","303","","1","12","757","567","1,640"
"","","","Yavapai","10","1,198","","24","54","1,341","2,792","5,409"
"","","","TOTALS","78","5,235","","102","293","5,892","11,509","23,031"
"","","Legislative District 7","","","","","","","","",""
"","","","Apache","45","1,504","","8","15","576","938","3,041"
"","","","Coconino","26","1,077","","4","32","455","1,073","2,641"
"","","","Gila","3","244","","1","2","27","154","428"
"","","","Graham","2","142","","1","0","25","78","246"
"","","","Mohave","2","20","","0","0","9","22","51"
"","","","Navajo","9","1,968","","10","42","1,159","1,669","4,848"
"","","","Pinal","0","0","","0","0","0","0","0"
"","","","TOTALS","87","4,955","","24","91","2,251","3,934","11,255"
"","","Legislative District 8","","","","","","","","",""
"","","","Gila","18","619","","1","12","426","704","1,762"
"","","","Pinal","51","6,582","","29","142","4,959","10,184","21,896"
"","","","TOTALS","69","7,201","","30","154","5,385","10,888","23,658"
"","","Legislative District 9","","","","","","","","",""
"","","","Pima","57","6,790","","124","276","5,309","8,778","21,277"
"","","","TOTALS","57","6,790","","124","276","5,309","8,778","21,277"
"","","Legislative District 10","","","","","","","","",""
"","","","Pima","49","6,174","","87","197","4,940","8,633","20,031"
"","","","TOTALS","49","6,174","","87","197","4,940","8,633","20,031"
"","","Legislative District 11","","","","","","","","",""
"","","","Pima","34","2,453","","22","110","3,562","4,075","10,222"
"","","","Pinal","27","2,807","","19","84","2,466","4,538","9,914"
"","","","TOTALS","61","5,260","","41","194","6,028","8,613","20,136"
"","","Legislative District 12","","","","","","","","",""
"","","","Maricopa","34","4,213","","39","220","8,161","9,860","22,493"
"","","","Pinal","1","53","","0","5","102","112","272"
"","","","TOTALS","35","4,266","","39","225","8,263","9,972","22,765"
"Report Date/Time: 03/28/2016 08:52 AM","","","","","","STATE OF ARIZONA REGISTRATION REPORT","","","","","Page Number 9"
"","","","","","","2016 March Voter Registration - March 1, 2016","","","","",""
"","","","","","","Compiled and Issued by the Arizona Secretary of State","","","","",""
"","","","","","","INACTIVE","","","","",""
"","Legislative","","","Precincts","Democratic","","Green","Libertarian","Republican","Other","TOTAL"
"","","Legislative District 13","","","","","","","","",""
"","","","Maricopa","29","1,854","","14","79","2,628","3,925","8,500"
"","","","Yavapai","0","0","","0","0","0","0","0"
"","","","Yuma","21","2,627","","9","100","3,889","5,483","12,108"
"","","","TOTALS","50","4,481","","23","179","6,517","9,408","20,608"
"","","Legislative District 14","","","","","","","","",""
"","","","Cochise","49","2,000","","25","72","2,516","3,796","8,409"
"","","","Graham","20","481","","2","16","955","696","2,150"
"","","","Greenlee","8","149","","0","2","122","189","462"
"","","","Pima","17","828","","6","42","1,342","1,587","3,805"
"","","","TOTALS","94","3,458","","33","132","4,935","6,268","14,826"
"","","Legislative District 15","","","","","","","","",""
"","","","Maricopa","42","2,722","","46","190","4,666","5,456","13,080"
"","","","TOTALS","42","2,722","","46","190","4,666","5,456","13,080"
"","","Legislative District 16","","","","","","","","",""
"","","","Maricopa","19","2,137","","11","89","3,088","4,473","9,798"
"","","","Pinal","21","2,387","","17","81","2,778","4,658","9,921"
"","","","TOTALS","40","4,524","","28","170","5,866","9,131","19,719"
"","","Legislative District 17","","","","","","","","",""
"","","","Maricopa","39","4,731","","38","228","5,528","9,202","19,727"
"","","","TOTALS","39","4,731","","38","228","5,528","9,202","19,727"
"","","Legislative District 18","","","","","","","","",""
"","","","Maricopa","42","6,204","","59","302","5,713","10,607","22,885"
"","","","TOTALS","42","6,204","","59","302","5,713","10,607","22,885"
"","","Legislative District 19","","","","","","","","",""
"","","","Maricopa","28","4,751","","17","153","1,855","6,121","12,897"
"","","","TOTALS","28","4,751","","17","153","1,855","6,121","12,897"
"","","Legislative District 20","","","","","","","","",""
"","","","Maricopa","47","3,998","","42","199","3,967","6,886","15,092"
"","","","TOTALS","47","3,998","","42","199","3,967","6,886","15,092"
"","","Legislative District 21","","","","","","","","",""
"","","","Maricopa","42","3,856","","24","120","4,219","5,958","14,177"
"","","","TOTALS","42","3,856","","24","120","4,219","5,958","14,177"
"","","Legislative District 22","","","","","","","","",""
"","","","Maricopa","48","2,957","","25","103","4,502","5,450","13,037"
"","","","TOTALS","48","2,957","","25","103","4,502","5,450","13,037"
"","","Legislative District 23","","","","","","","","",""
"","","","Maricopa","57","3,294","","38","179","5,179","6,736","15,426"
"","","","TOTALS","57","3,294","","38","179","5,179","6,736","15,426"
"","","Legislative District 24","","","","","","","","",""
"","","","Maricopa","40","6,750","","88","277","3,096","8,297","18,508"
"","","","TOTALS","40","6,750","","88","277","3,096","8,297","18,508"
"","","Legislative District 25","","","","","","","","",""
"","","","Maricopa","37","3,482","","58","163","4,574","6,478","14,755"
"","","","TOTALS","37","3,482","","58","163","4,574","6,478","14,755"
"","","Legislative District 26","","","","","","","","",""
"","","","Maricopa","34","7,105","","111","466","4,766","13,767","26,215"
"","","","TOTALS","34","7,105","","111","466","4,766","13,767","26,215"
"","","Legislative District 27","","","","","","","","",""
"","","","Maricopa","35","5,884","","23","157","1,699","6,672","14,435"
"","","","TOTALS","35","5,884","","23","157","1,699","6,672","14,435"
"","","Legislative District 28","","","","","","","","",""
"","","","Maricopa","57","3,674","","26","215","3,643","5,602","13,160"
"","","","TOTALS","57","3,674","","26","215","3,643","5,602","13,160"
"Report Date/Time: 03/28/2016 08:52 AM","","","","","","STATE OF ARIZONA REGISTRATION REPORT","","","","","Page Number 10"
"","","","","","","2016 March Voter Registration - March 1, 2016","","","","",""
"","","","","","","Compiled and Issued by the Arizona Secretary of State","","","","",""
"","","","","","","INACTIVE","","","","",""
"","Legislative","","","Precincts","Democratic","","Green","Libertarian","Republican","Other","TOTAL"
"","","Legislative District 29","","","","","","","","",""
"","","","Maricopa","33","4,399","","17","190","1,949","5,726","12,281"
"","","","TOTALS","33","4,399","","17","190","1,949","5,726","12,281"
"","","Legislative District 30","","","","","","","","",""
"","","","Maricopa","29","4,610","","29","170","1,999","5,970","12,778"
"","","","TOTALS","29","4,610","","29","170","1,999","5,970","12,778"
"","","","STATE TOTALS","1,466","145,775","","1,433","5,786","135,224","236,161","524,379"
